Condition	Time (hours)	Biomass (gDW/L)
Bulk	0	0.01
Bulk	1	38877.4648858797
Bulk	2	151145727595.2809
Bulk	3	5.876162717236283e+17
Bulk	4	2.284503097030686e+24
Bulk	5	8.881568893649376e+30
Bulk	6	3.4529288279437686e+37
Bulk	7	1.3424111926182443e+44
Bulk	8	5.2189544003427955e+50
Bulk	9	2.0289971644033256e+57
Bulk	10	7.888226601264021e+63
Bulk	11	3.066742527025057e+70
Bulk	12	1.1922717490845128e+77
Bulk	13	4.635250305945976e+83
Bulk	14	1.8020678100667367e+90
Bulk	15	7.0059828007844055e+96
Bulk	16	2.7237485032857433e+103
Bulk	17	1.0589243679445943e+110
Bulk	18	4.116829493156737e+116
Bulk	19	1.6005189406136037e+123
Bulk	20	6.222411891288932e+129
Bulk	21	2.419115998090739e+136
Bulk	22	9.404909727064035e+142
Bulk	23	3.6563904766879203e+149
Bulk	24	1.4215119236650435e+156
Bulk	25	5.526477989714575e+162
Bulk	26	2.148554539877227e+169
Bulk	27	8.353035367947237e+175
Bulk	28	3.247448392078724e+182
Bulk	29	1.2625256083175136e+189
Bulk	30	4.908379500488691e+195
Bulk	31	1.9082535167682725e+202
Bulk	32	7.418805909151325e+208
Bulk	33	2.8842436622818083e+215
Bulk	34	1.1213208170268584e+222
Bulk	35	4.35941106897691e+228
Bulk	36	1.6948285075725157e+235
Bulk	37	6.589063579074058e+241
Bulk	38	2.561660879262892e+248
Bulk	39	9.959088088306685e+254
Bulk	40	3.871840974485389e+261
Bulk	41	1.5052736152927105e+268
Bulk	42	5.852122212218551e+274
Bulk	43	2.275156758133852e+281
Bulk	44	8.845232697422369e+287
Bulk	45	3.4388022360148473e+294
Bulk	46	1.3369191318014114e+301
Bulk	47	inf
Bulk	48	inf
Bulk	49	inf
Bulk	50	inf
Bulk	51	inf
Bulk	52	inf
Bulk	53	inf
Bulk	54	inf
Bulk	55	inf
Bulk	56	inf
Bulk	57	inf
Bulk	58	inf
Bulk	59	inf
Bulk	60	inf
Bulk	61	inf
Bulk	62	inf
Bulk	63	inf
Bulk	64	inf
Bulk	65	inf
Bulk	66	inf
Bulk	67	inf
Bulk	68	inf
Bulk	69	inf
Bulk	70	inf
Bulk	71	inf
Bulk	72	inf
Rhizosphere	0	0.01
Rhizosphere	1	38877.464886296824
Rhizosphere	2	151145727598.52426
Rhizosphere	3	5.876162717425422e+17
Rhizosphere	4	2.2845030971287296e+24
Rhizosphere	5	8.881568894125836e+30
Rhizosphere	6	3.4529288281660518e+37
Rhizosphere	7	1.3424111927190651e+44
Rhizosphere	8	5.218954400790757e+50
Rhizosphere	9	2.02899716459928e+57
Rhizosphere	10	7.888226602110363e+63
Rhizosphere	11	3.066742527386954e+70
Rhizosphere	12	1.1922717492380183e+77
Rhizosphere	13	4.635250306592433e+83
Rhizosphere	14	1.8020678103374231e+90
Rhizosphere	15	7.005982801912034e+96
Rhizosphere	16	2.723748503753321e+103
Rhizosphere	17	1.0589243681377533e+110
Rhizosphere	18	4.116829493951919e+116
Rhizosphere	19	1.6005189409398542e+123
Rhizosphere	20	6.222411892624161e+129
Rhizosphere	21	2.419115998635694e+136
Rhizosphere	22	9.404909729283723e+142
Rhizosphere	23	3.656390477590369e+149
Rhizosphere	24	1.4215119240310836e+156
Rhizosphere	25	5.52647799119702e+162
Rhizosphere	26	2.1485545404765247e+169
Rhizosphere	27	8.353035370366895e+175
Rhizosphere	28	3.2474483930543146e+182
Rhizosphere	29	1.262525608710362e+189
Rhizosphere	30	4.90837950206872e+195
Rhizosphere	31	1.9082535174029403e+202
Rhizosphere	32	7.418805911698456e+208
Rhizosphere	33	2.8842436633030544e+215
Rhizosphere	34	1.1213208174359398e+222
Rhizosphere	35	4.3594110706139023e+228
Rhizosphere	36	1.694828508227241e+235
Rhizosphere	37	6.58906358168988e+241
Rhizosphere	38	2.5616608803072323e+248
Rhizosphere	39	9.959088092474375e+254
Rhizosphere	40	3.8718409761470586e+261
Rhizosphere	41	1.5052736159548116e+268
Rhizosphere	42	5.852122214855172e+274
Rhizosphere	43	2.2751567591834752e+281
Rhizosphere	44	8.845232701597565e+287
Rhizosphere	45	3.4388022376751977e+294
Rhizosphere	46	1.3369191324613526e+301
Rhizosphere	47	inf
Rhizosphere	48	inf
Rhizosphere	49	inf
Rhizosphere	50	inf
Rhizosphere	51	inf
Rhizosphere	52	inf
Rhizosphere	53	inf
Rhizosphere	54	inf
Rhizosphere	55	inf
Rhizosphere	56	inf
Rhizosphere	57	inf
Rhizosphere	58	inf
Rhizosphere	59	inf
Rhizosphere	60	inf
Rhizosphere	61	inf
Rhizosphere	62	inf
Rhizosphere	63	inf
Rhizosphere	64	inf
Rhizosphere	65	inf
Rhizosphere	66	inf
Rhizosphere	67	inf
Rhizosphere	68	inf
Rhizosphere	69	inf
Rhizosphere	70	inf
Rhizosphere	71	inf
Rhizosphere	72	inf
Nodule	0	0.01
Nodule	1	0.013856288021307553
Nodule	2	0.019199671772943117
Nodule	3	0.026603618200046846
Nodule	4	0.03686273961887487
Nodule	5	0.05107807374135951
Nodule	6	0.07077525013338637
Nodule	7	0.09806822506282871
Nodule	8	0.13588615722089667
Nodule	9	0.18828777325614257
Nodule	10	0.260896961712776
Nodule	11	0.36150634453762737
Nodule	12	0.5009136031443407
Nodule	13	0.6940803158958933
Nodule	14	0.9617376766973625
Nodule	15	1.3326114249261827
Nodule	16	1.846504772426225
Nodule	17	2.558570195945672
Nodule	18	3.5452285557756555
Nodule	19	4.912370797019167
Nodule	20	6.806722463095771
Nodule	21	9.431590692975902
Nodule	22	13.068683714095776
Nodule	23	18.108344560188236
Nodule	24	25.091443781504612
Nodule	25	34.76742719069738
Nodule	26	48.17474849141429
Nodule	27	66.75231904510885
Nodule	28	92.49393587792405
Nodule	29	128.16226157488688
Nodule	30	177.5853209843791
Nodule	31	246.06733559159065
Nodule	32	340.95798745928244
Nodule	33	472.4412077401189
Nodule	34	654.6281447581475
Nodule	35	907.0716120623111
Nodule	36	1256.864551268714
Nodule	37	1741.5477226150756
Nodule	38	2413.138684740673
Nodule	39	3343.7144651126073
Nodule	40	4633.147068961255
Nodule	41	6419.822023260408
Nodule	42	8895.490299982965
Nodule	43	12325.847568731137
Nodule	44	17079.049401907214
Nodule	45	23665.2227642967
Nodule	46	32791.214271049874
Nodule	47	45436.4509508078
Nodule	48	62958.055104040664
Nodule	49	87236.49447829384
Nodule	50	120877.3993460444
Nodule	51	167491.20606054083
Nodule	52	232080.6392211024
Nodule	53	321577.6181216757
Nodule	54	445587.20979000005
Nodule	55	617418.4717461026
Nodule	56	855512.8174189526
Nodule	57	1185423.2004077337
Nodule	58	1642556.5291989723
Nodule	59	2275973.6359860203
Nodule	60	3153654.6229124963
Nodule	61	4369794.677480356
Nodule	62	6054913.364514448
Nodule	63	8389862.352277676
Nodule	64	11625234.921228424
Nodule	65	16108260.338390347
Nodule	66	22320069.47709422
Nodule	67	30927331.13302126
Nodule	68	42853800.79094941
Nodule	69	59379460.65671339
Nodule	70	82277890.94093198
Nodule	71	114006615.46632838
Nodule	72	157970850.0235906
