gene_id	gene_name	n_reactions	reaction_ids
PST_1808	G_PST_1808	0	
PST_1807	G_PST_1807	0	
PST_3534	G_PST_3534	0	
PST_3533	G_PST_3533	0	
PST_3535	G_PST_3535	0	
PST_3520	G_PST_3520	0	
PST_1877	G_PST_1877	5	rxn01241;rxn08094;rxn00154;rxn06493;rxn00908
PST_1875	G_PST_1875	3	rxn02376;rxn00441;rxn08094
PST_1876	G_PST_1876	2	rxn01872;rxn08094
PST_1649	G_PST_1649	2	rxn02944;rxn01637
PST_2790	G_PST_2790	1	rxn01644
PST_3325	G_PST_3325	1	rxn02928
PST_4064	G_PST_4064	3	rxn01652;rxn06600;rxn00908
PST_1136	G_PST_1136	3	rxn00684;rxn00686;rxn01602
PST_4017	G_PST_4017	3	rxn00684;rxn00686;rxn01602
PST_3683	G_PST_3683	1	rxn05782
PST_3756	G_PST_3756	1	rxn02484
PST_2440	G_PST_2440	1	rxn05147
PST_2438	G_PST_2438	1	rxn05147
PST_2437	G_PST_2437	1	rxn05147
PST_2439	G_PST_2439	1	rxn05147
PST_3853	G_PST_3853	2	rxn00154;rxn01871
PST_3852	G_PST_3852	3	rxn00154;rxn00011;rxn02342
PST_2797	G_PST_2797	1	rxn25164
PST_2341	G_PST_2341	2	rxn01258;rxn01000
PST_3255	G_PST_3255	14	rxn09207;rxn10227;rxn09208;rxn10228;rxn10880;rxn09209;rxn09211;rxn10229;rxn09206;rxn10226;rxn10230;rxn09210;rxn09205;rxn10231
PST_1542	G_PST_1542	14	rxn10221;rxn10224;rxn08309;rxn08310;rxn10222;rxn10225;rxn10223;rxn08307;rxn08306;rxn10859;rxn08312;rxn10220;rxn08308;rxn08311
PST_2703	G_PST_2703	17	rxn08548;rxn10204;rxn10210;rxn08552;rxn08546;rxn08551;rxn08549;PA_syn;rxn10209;rxn10205;rxn10208;rxn10207;rxn10206;rxn08550;rxn10203;rxn10202;rxn08547
PST_0007	G_PST_0007	17	rxn10219;rxn10215;rxn10218;rxn08083;rxn10212;rxn08087;rxn10214;rxn10213;rxn08085;rxn10211;PA_syn;rxn10216;rxn08084;rxn08089;rxn08086;rxn10217;rxn08088
PST_1548	G_PST_1548	5	rxn05332;rxn05329;rxn05330;rxn05333;rxn05334
PST_1893	G_PST_1893	6	rxn05332;rxn05329;rxn05330;rxn08392;rxn05333;rxn05334
PST_3211	G_PST_3211	14	rxn00988;rxn05249;rxn09448;rxn05251;rxn05334;rxn05465;rxn05736;rxn00947;rxn05252;rxn09449;rxn09450;rxn05248;rxn05250;rxn05247
PST_0621	G_PST_0621	2	rxn05334;rxn05465
PST_2622	G_PST_2622	27	rxn05339;rxn05368;rxn05372;rxn05418;rxn05336;rxn05342;rxn05364;rxn05401;rxn05430;rxn05385;rxn05389;rxn05338;rxn05410;rxn05393;rxn05380;rxn05405;rxn05422;rxn05360;Cis11_oct_syn;rxn05414;rxn05461;rxn05337;rxn05340;rxn05341;rxn05426;rxn05376;rxn05397
PST_2262	G_PST_2262	27	rxn05322;rxn05437;rxn05328;rxn05323;rxn05436;rxn05438;rxn05325;rxn05327;rxn05446;rxn05444;rxn05326;rxn05439;rxn05442;rxn05443;rxn05435;rxn05441;rxn05449;rxn05324;rxn05447;Cis11_oct_syn;rxn05445;rxn05450;rxn05448;rxn05440;rxn05434;rxn05433;rxn05464
PST_0688	G_PST_0688	27	rxn05322;rxn05437;rxn05328;rxn05323;rxn05436;rxn05438;rxn05325;rxn05327;rxn05446;rxn05444;rxn05326;rxn05439;rxn05442;rxn05443;rxn05435;rxn05441;rxn05449;rxn05324;rxn05447;Cis11_oct_syn;rxn05445;rxn05450;rxn05448;rxn05440;rxn05434;rxn05433;rxn05464
PST_0841	G_PST_0841	14	rxn10266;rxn10267;rxn09105;rxn10268;rxn09101;rxn09106;rxn09542;rxn09104;rxn09102;rxn09107;rxn10270;rxn09103;rxn10265;rxn10269
PST_3405	G_PST_3405	14	rxn10266;rxn10267;rxn09105;rxn10268;rxn09101;rxn09106;rxn09542;rxn09104;rxn09102;rxn09107;rxn10270;rxn09103;rxn10265;rxn10269
PST_2087	G_PST_2087	14	rxn09109;rxn10261;rxn10259;rxn10875;rxn09110;rxn09114;rxn09111;rxn10260;rxn09108;rxn09113;rxn10264;rxn09112;rxn10263;rxn10262
PST_2150	G_PST_2150	10	rxn10336;rxn10340;rxn10339;rxn10335;rxn10342;Car_syn;rxn10334;rxn10337;rxn10338;rxn10341
PST_3800	G_PST_3800	14	rxn10236;rxn10235;rxn09198;rxn09199;rxn10233;rxn09202;rxn10237;rxn09201;rxn10879;rxn10232;rxn09197;rxn09203;rxn10234;rxn09200
PST_0081	G_PST_0081	2	rxn02003;rxn02440
PST_3286	G_PST_3286	2	rxn02003;rxn02440
PST_2880	G_PST_2880	2	rxn02003;rxn02440
PST_0871	G_PST_0871	1	rxn01893
PST_2537	G_PST_2537	3	rxn00849;rxn00191;rxn00499
PST_2676	G_PST_2676	1	R00093
PST_0034	G_PST_0034	1	rxn05026
PST_0489	G_PST_0489	2	rxn01134;rxn05026
PST_3693	G_PST_3693	1	R00029
PST_2843	G_PST_2843	1	R00029
PST_3694	G_PST_3694	1	R00029
PST_3695	G_PST_3695	1	R00029
PST_0200	G_PST_0200	2	rxn01827;rxn00999
PST_0870	G_PST_0870	1	rxn01825
PST_0872	G_PST_0872	1	rxn02276
PST_0400	G_PST_0400	1	rxn00993
PST_2763	G_PST_2763	2	rxn00560;rxn00002
PST_1578	G_PST_1578	1	rxn00120
PST_1360	G_PST_1360	1	R00274
PST_1129	G_PST_1129	1	R00274
PST_2535	G_PST_2535	1	R00274
PST_4062	G_PST_4062	3	rxn06377;rxn06493;rxn00908
PST_4063	G_PST_4063	3	rxn06600;rxn00908;rxn06493
PST_3475	G_PST_3475	1	R01668
PST_3254	G_PST_3254	1	rxn00383
PST_3253	G_PST_3253	1	rxn00383
PST_3870	G_PST_3870	1	rxn14250
PST_1737	G_PST_1737	1	R00022
PST_0730	G_PST_0730	1	rxn13990
PST_2247	G_PST_2247	1	R00103
PST_0193	G_PST_0193	1	rxn00342
PST_1494	G_PST_1494	1	rxn00962
PST_2807	G_PST_2807	1	rxn00965
PST_0180	G_PST_0180	1	rxn04786
PST_0181	G_PST_0181	1	rxn04787
PST_0179	G_PST_0179	1	rxn04788
PST_0178	G_PST_0178	1	rxn07840
PST_3550	G_PST_3550	2	rxn22447;rxn11937
PST_0398	G_PST_0398	2	rxn01101;R11337
PST_1815	G_PST_1815	1	rxn00738
PST_3877	G_PST_3877	6	rxn01466;rxn05287;rxn03891;rxn03892;rxn12008;rxn01213
PST_3705	G_PST_3705	6	rxn01466;rxn05287;rxn03891;rxn03892;rxn12008;rxn01213
PST_0955	G_PST_0955	6	rxn01466;rxn05287;rxn03891;rxn03892;rxn12008;rxn01213
PST_1368	G_PST_1368	1	rxn00541
PST_1799	G_PST_1799	1	rxn00541
PST_0689	G_PST_0689	2	rxn00985;rxn00225
PST_1127	G_PST_1127	2	rxn00985;rxn00225
PST_2195	G_PST_2195	1	rxn01199
PST_1141	G_PST_1141	16	rxn10219;rxn10215;rxn10218;rxn08083;rxn10212;rxn08087;rxn10214;rxn10213;rxn08085;rxn10211;rxn10216;rxn08084;rxn08089;rxn08086;rxn10217;rxn08088
PST_2774	G_PST_2774	16	rxn10219;rxn10215;rxn10218;rxn08083;rxn10212;rxn08087;rxn10214;rxn10213;rxn08085;rxn10211;rxn10216;rxn08084;rxn08089;rxn08086;rxn10217;rxn08088
PST_1259	G_PST_1259	1	rxn02483
PST_0930	G_PST_0930	1	rxn02483
PST_2904	G_PST_2904	1	rxn02483
PST_0521	G_PST_0521	1	rxn00802
PST_4189	G_PST_4189	2	rxn03638;rxn00293
PST_0072	G_PST_0072	42	rxn08806;rxn08818;rxn08812;rxn08815;rxn08847;rxn08798;rxn08822;rxn08809;rxn08849;rxn08808;rxn08797;rxn08840;rxn08821;rxn08799;rxn08814;rxn08850;rxn08819;rxn08843;rxn08805;rxn08839;rxn08801;rxn08838;rxn08842;rxn08841;rxn08800;rxn08820;rxn08796;rxn08804;rxn08848;rxn08816;rxn08817;rxn08811;rxn08807;rxn08802;rxn08810;rxn08813;rxn08845;rxn08846;rxn08823;rxn08803;rxn08851;rxn08844
PST_0568	G_PST_0568	4	rxn00952;rxn05957;rxn06078;rxn05733
PST_1785	G_PST_1785	3	rxn00952;rxn05957;rxn06078
PST_1640	G_PST_1640	8	rxn10010;rxn00868;rxn10014;rxn10011;rxn10013;rxn05732;rxn02268;rxn10012
PST_0606	G_PST_0606	3	rxn02268;rxn01923;rxn00868
PST_1922	G_PST_1922	3	rxn02268;rxn01923;rxn00868
PST_1917	G_PST_1917	3	rxn02268;rxn01923;rxn00868
PST_0731	G_PST_0731	1	rxn01675
PST_0083	G_PST_0083	1	rxn01675
PST_1536	G_PST_1536	19	rxn12641;rxn12638;rxn12639;rxn12844;rxn12634;rxn12646;rxn12847;rxn12643;rxn12845;rxn12640;rxn12636;rxn12642;rxn12633;rxn00650;rxn12644;rxn12637;rxn12846;rxn12645;rxn12635
PST_3058	G_PST_3058	19	rxn12641;rxn12638;rxn12639;rxn12844;rxn12634;rxn12646;rxn12847;rxn12643;rxn12845;rxn12640;rxn12636;rxn12642;rxn12633;rxn00650;rxn12644;rxn12637;rxn12846;rxn12645;rxn12635
PST_2415	G_PST_2415	19	rxn12641;rxn12638;rxn12639;rxn12844;rxn12634;rxn12646;rxn12847;rxn12643;rxn12845;rxn12640;rxn12636;rxn12642;rxn12633;rxn00650;rxn12644;rxn12637;rxn12846;rxn12645;rxn12635
PST_2256	G_PST_2256	19	rxn05541;rxn05547;rxn05542;rxn05533;rxn12849;rxn05546;rxn05540;rxn05537;rxn12848;rxn12851;rxn05545;rxn12850;rxn05534;rxn05535;rxn05543;rxn05536;rxn05538;rxn05539;rxn05544
PST_2260	G_PST_2260	19	rxn05541;rxn05547;rxn05542;rxn05533;rxn12849;rxn05546;rxn05540;rxn05537;rxn12848;rxn12851;rxn05545;rxn12850;rxn05534;rxn05535;rxn05543;rxn05536;rxn05538;rxn05539;rxn05544
PST_1707	G_PST_1707	19	rxn05541;rxn05547;rxn05542;rxn05533;rxn12849;rxn05546;rxn05540;rxn05537;rxn12848;rxn12851;rxn05545;rxn12850;rxn05534;rxn05535;rxn05543;rxn05536;rxn05538;rxn05539;rxn05544
PST_2942	G_PST_2942	1	rxn10855
PST_1549	G_PST_1549	1	rxn06729
PST_2302	G_PST_2302	2	rxn00199;rxn01387
PST_2301	G_PST_2301	2	rxn00199;rxn01387
PST_3721	G_PST_3721	3	rxn05179;rxn05161;rxn05168
PST_2986	G_PST_2986	3	rxn05179;rxn05161;rxn05168
PST_2985	G_PST_2985	3	rxn05179;rxn05161;rxn05168
PST_3723	G_PST_3723	3	rxn05179;rxn05161;rxn05168
PST_0416	G_PST_0416	3	rxn05179;rxn05161;rxn05168
PST_0418	G_PST_0418	3	rxn05179;rxn05161;rxn05168
PST_3205	G_PST_3205	3	rxn05179;rxn05161;rxn05168
PST_3207	G_PST_3207	3	rxn05179;rxn05161;rxn05168
PST_0417	G_PST_0417	3	rxn05179;rxn05161;rxn05168
PST_2984	G_PST_2984	3	rxn05179;rxn05161;rxn05168
PST_3722	G_PST_3722	3	rxn05179;rxn05161;rxn05168
PST_3208	G_PST_3208	3	rxn05179;rxn05161;rxn05168
PST_2983	G_PST_2983	3	rxn05179;rxn05161;rxn05168
PST_3724	G_PST_3724	3	rxn05179;rxn05161;rxn05168
PST_3204	G_PST_3204	3	rxn05179;rxn05161;rxn05168
PST_0419	G_PST_0419	3	rxn05179;rxn05161;rxn05168
PST_1215	G_PST_1215	3	rxn05179;rxn05161;rxn05168
PST_2046	G_PST_2046	4	rxn01388;rxn03061;rxn00973;rxn00974
PST_3580	G_PST_3580	3	rxn05644;rxn05160;rxn05549
PST_1566	G_PST_1566	1	rxn03910
PST_2041	G_PST_2041	2	rxn05616;rxn10474
PST_0310	G_PST_0310	20	rxn02911;rxn03247;rxn02167;rxn03241;rxn01451;rxn01480;rxn02934;rxn04750;rxn03239;rxn06777;rxn03244;rxn03246;rxn03240;rxn03242;rxn02949;rxn03245;rxn03250;rxn02933;rxn02345;rxn03249
PST_1726	G_PST_1726	20	rxn02911;rxn03247;rxn02167;rxn03241;rxn01451;rxn01480;rxn02934;rxn04750;rxn03239;rxn06777;rxn03244;rxn03246;rxn03240;rxn03242;rxn02949;rxn03245;rxn03250;rxn02933;rxn02345;rxn03249
PST_0099	G_PST_0099	20	rxn02911;rxn03247;rxn02167;rxn03241;rxn01451;rxn01480;rxn02934;rxn04750;rxn03239;rxn06777;rxn03244;rxn03246;rxn03240;rxn03242;rxn02949;rxn03245;rxn03250;rxn02933;rxn02345;rxn03249
PST_2153	G_PST_2153	1	rxn01134
PST_0559	G_PST_0559	1	rxn02212
PST_2333	G_PST_2333	5	rxn00299;rxn03174;rxn00302;rxn03421;rxn03419
PST_1975	G_PST_1975	5	rxn00299;rxn03174;rxn00302;rxn03421;rxn03419
PST_2623	G_PST_2623	13	rxn05458;rxn05451;rxn05383;rxn05465;rxn05453;rxn05459;rxn05454;rxn05455;rxn05457;rxn05452;rxn05408;rxn05456;rxn05358
PST_0008	G_PST_0008	1	rxn02160
PST_0122	G_PST_0122	2	rxn00083;rxn10125
PST_2647	G_PST_2647	2	rxn00083;rxn10125
PST_0123	G_PST_0123	2	rxn00083;rxn10125
PST_0124	G_PST_0124	2	rxn00083;rxn10125
PST_0036	G_PST_0036	4	rxn05614;rxn05183;rxn05219;rxn05613
PST_0037	G_PST_0037	4	rxn05614;rxn05183;rxn05219;rxn05613
PST_2850	G_PST_2850	2	rxn11944;rxn03052
PST_1744	G_PST_1744	1	rxn09692
PST_4102	G_PST_4102	1	rxn09692
PST_0499	G_PST_0499	1	rxn09692
PST_3046	G_PST_3046	3	rxn00881;rxn00883;rxn00882
PST_1593	G_PST_1593	3	rxn00881;rxn00883;rxn00882
PST_2071	G_PST_2071	8	rxn01286;rxn02853;rxn05735;rxn05734;rxn01851;rxn00506;rxn01459;rxn00171
PST_0046	G_PST_0046	8	rxn01286;rxn02853;rxn05735;rxn05734;rxn01851;rxn00506;rxn01459;rxn00171
PST_3679	G_PST_3679	8	rxn01286;rxn02853;rxn05735;rxn05734;rxn01851;rxn00506;rxn01459;rxn00171
PST_0609	G_PST_0609	7	rxn05734;rxn01851;rxn00506;rxn01459;rxn01286;rxn02853;rxn05735
PST_3999	G_PST_3999	8	rxn01286;rxn02853;rxn05735;rxn05734;rxn01851;rxn00506;rxn01459;rxn00171
PST_2179	G_PST_2179	2	rxn01301;rxn01302
PST_1198	G_PST_1198	2	rxn01301;rxn01302
PST_2000	G_PST_2000	26	rxn05339;rxn05368;rxn05372;rxn05418;rxn05336;rxn05342;rxn05364;rxn05401;rxn05430;rxn05385;rxn05389;rxn05338;rxn05410;rxn05393;rxn05380;rxn05405;rxn05422;rxn05360;rxn05414;rxn05461;rxn05337;rxn05340;rxn05341;rxn05426;rxn05376;rxn05397
PST_3895	G_PST_3895	26	rxn05339;rxn05368;rxn05372;rxn05418;rxn05336;rxn05342;rxn05364;rxn05401;rxn05430;rxn05385;rxn05389;rxn05338;rxn05410;rxn05393;rxn05380;rxn05405;rxn05422;rxn05360;rxn05414;rxn05461;rxn05337;rxn05340;rxn05341;rxn05426;rxn05376;rxn05397
PST_3149	G_PST_3149	26	rxn05339;rxn05368;rxn05372;rxn05418;rxn05336;rxn05342;rxn05364;rxn05401;rxn05430;rxn05385;rxn05389;rxn05338;rxn05410;rxn05393;rxn05380;rxn05405;rxn05422;rxn05360;rxn05414;rxn05461;rxn05337;rxn05340;rxn05341;rxn05426;rxn05376;rxn05397
PST_0836	G_PST_0836	2	rxn03080;rxn00048
PST_1078	G_PST_1078	1	rxn03164
PST_0196	G_PST_0196	1	rxn05298
PST_0687	G_PST_0687	1	rxn05298
PST_2912	G_PST_2912	2	rxn05298;rxn05297
PST_0203	G_PST_0203	2	rxn02938;rxn05229
PST_0202	G_PST_0202	2	rxn02938;rxn05229
PST_1362	G_PST_1362	1	rxn01416
PST_3799	G_PST_3799	1	rxn01416
PST_0723	G_PST_0723	1	rxn01416
PST_0285	G_PST_0285	13	rxn10257;rxn10253;rxn08295;rxn08300;rxn10255;rxn08299;rxn08298;rxn10254;rxn10256;rxn08296;rxn08294;rxn10258;rxn08297
PST_0917	G_PST_0917	13	rxn10257;rxn10253;rxn08295;rxn08300;rxn10255;rxn08299;rxn08298;rxn10254;rxn10256;rxn08296;rxn08294;rxn10258;rxn08297
PST_3240	G_PST_3240	1	rxn00902
PST_3016	G_PST_3016	1	rxn00902
PST_2500	G_PST_2500	1	rxn03852
PST_1242	G_PST_1242	4	rxn02359;rxn00183;rxn09188;rxn00503
PST_3706	G_PST_3706	1	rxn03909
PST_0845	G_PST_0845	3	rxn05515;rxn10147;rxn05187
PST_0869	G_PST_0869	1	rxn00999
PST_2288	G_PST_2288	3	rxn02287;rxn02056;rxn02774
PST_1557	G_PST_1557	1	rxn00459
PST_0978	G_PST_0978	1	rxn00405
PST_0994	G_PST_0994	3	rxn00470;rxn00405;rxn00322
PST_0608	G_PST_0608	9	rxn03240;rxn02911;rxn03247;rxn02167;rxn02949;rxn03241;rxn03245;rxn03250;rxn02934
PST_2249	G_PST_2249	2	rxn02167;rxn02949
PST_1214	G_PST_1214	12	rxn03246;rxn03242;rxn02949;rxn02167;rxn01451;rxn02933;rxn02934;rxn04750;rxn03239;rxn06777;rxn03249;rxn03244
PST_1925	G_PST_1925	1	rxn02949
PST_3872	G_PST_3872	3	rxn01489;rxn05031;rxn02945
PST_3967	G_PST_3967	2	rxn00931;rxn00929
PST_0989	G_PST_0989	2	rxn01492;rxn02314
PST_2404	G_PST_2404	2	rxn01492;rxn02314
PST_1590	G_PST_1590	1	rxn01101
PST_1117	G_PST_1117	1	rxn01101
PST_2890	G_PST_2890	1	rxn00358
PST_1619	G_PST_1619	2	rxn05517;rxn05315
PST_1171	G_PST_1171	2	rxn05517;rxn05315
PST_3416	G_PST_3416	2	rxn05517;rxn05315
PST_3428	G_PST_3428	2	rxn05517;rxn05315
PST_4025	G_PST_4025	1	rxn05145
PST_2187	G_PST_2187	1	rxn05145
PST_4027	G_PST_4027	1	rxn05145
PST_4024	G_PST_4024	2	rxn05145;rxn00062
PST_4026	G_PST_4026	1	rxn05145
PST_1599	G_PST_1599	1	rxn05145
PST_1556	G_PST_1556	1	rxn02331
PST_2796	G_PST_2796	1	rxn02988
PST_2620	G_PST_2620	27	rxn05367;rxn05363;rxn05350;rxn05409;rxn05425;rxn05421;rxn05413;rxn05347;rxn05417;rxn05359;rxn05429;rxn05343;rxn05404;rxn05375;rxn05460;rxn05348;rxn05400;rxn05344;rxn05392;rxn05384;rxn05345;rxn05346;rxn05388;rxn05371;rxn05349;rxn05396;rxn05379
PST_2842	G_PST_2842	27	rxn05367;rxn05363;rxn05350;rxn05409;rxn05425;rxn05421;rxn05413;rxn05347;rxn05417;rxn05359;rxn05429;rxn05343;rxn05404;rxn05375;rxn05460;rxn05348;rxn05400;rxn05344;rxn05392;rxn05384;rxn05345;rxn05346;rxn05388;rxn05371;rxn05349;rxn05396;rxn05379
PST_4067	G_PST_4067	1	rxn04139
PST_3218	G_PST_3218	1	rxn00290
PST_3219	G_PST_3219	1	rxn00290
PST_0551	G_PST_0551	1	rxn10199
PST_3262	G_PST_3262	1	rxn10199
PST_0867	G_PST_0867	3	rxn01573;rxn01045;rxn00804
PST_2830	G_PST_2830	1	rxn02937
PST_1169	G_PST_1169	2	rxn00640;rxn00559
PST_2671	G_PST_2671	1	rxn00649
PST_2476	G_PST_2476	2	rxn00649;rxn05733
PST_1871	G_PST_1871	6	rxn00288;rxn10126;rxn10113;rxn08528;rxn09272;rxn10806
PST_1281	G_PST_1281	2	rxn10113;rxn10806
PST_1064	G_PST_1064	3	rxn06106;rxn10113;rxn10806
PST_1282	G_PST_1282	2	rxn10113;rxn10806
PST_1063	G_PST_1063	3	rxn06106;rxn10113;rxn10806
PST_1132	G_PST_1132	1	rxn05153
PST_0209	G_PST_0209	1	rxn05153
PST_0211	G_PST_0211	2	rxn05153;rxn05176
PST_0210	G_PST_0210	1	rxn05153
PST_0208	G_PST_0208	3	rxn00062;rxn05153;rxn05176
PST_1892	G_PST_1892	8	rxn05348;rxn05350;rxn05344;rxn05347;rxn05345;rxn05346;rxn05343;rxn05349
PST_0492	G_PST_0492	1	rxn01654
PST_1926	G_PST_1926	2	rxn00501;rxn00671
PST_0494	G_PST_0494	2	rxn00501;rxn00671
PST_3299	G_PST_3299	3	rxn00558;rxn01977;rxn02380
PST_2509	G_PST_2509	1	rxn01406
PST_2426	G_PST_2426	1	rxn01406
PST_0480	G_PST_0480	9	rxn10336;rxn10340;rxn10339;rxn10335;rxn10342;rxn10334;rxn10337;rxn10338;rxn10341
PST_1144	G_PST_1144	9	rxn10336;rxn10340;rxn10339;rxn10335;rxn10342;rxn10334;rxn10337;rxn10338;rxn10341
PST_0384	G_PST_0384	1	rxn10122
PST_2605	G_PST_2605	1	rxn10122
PST_4206	G_PST_4206	1	rxn10122
PST_0383	G_PST_0383	1	rxn10122
PST_3635	G_PST_3635	3	rxn08975;rxn10122;rxn08976
PST_4209	G_PST_4209	1	rxn10122
PST_1065	G_PST_1065	1	rxn06106
PST_1851	G_PST_1851	2	rxn10043;rxn00058
PST_4166	G_PST_4166	2	rxn10043;rxn00058
PST_1850	G_PST_1850	2	rxn10043;rxn00058
PST_4164	G_PST_4164	2	rxn10043;rxn00058
PST_4163	G_PST_4163	2	rxn10043;rxn00058
PST_4192	G_PST_4192	2	rxn00062;rxn10042
PST_4190	G_PST_4190	2	rxn00062;rxn10042
PST_0890	G_PST_0890	1	rxn10042
PST_4191	G_PST_4191	2	rxn00062;rxn10042
PST_4194	G_PST_4194	2	rxn00062;rxn10042
PST_4193	G_PST_4193	2	rxn00062;rxn10042
PST_4198	G_PST_4198	1	rxn10042
PST_1993	G_PST_1993	4	rxn00187;rxn03409;rxn03406;rxn03407
PST_0353	G_PST_0353	4	rxn00187;rxn03409;rxn03406;rxn03407
PST_0065	G_PST_0065	1	rxn00187
PST_0063	G_PST_0063	4	rxn00187;rxn03409;rxn03406;rxn03407
PST_2926	G_PST_2926	1	rxn05305
PST_0879	G_PST_0879	1	rxn05305
PST_3744	G_PST_3744	2	rxn00165;rxn00737
PST_0405	G_PST_0405	2	rxn00165;rxn00737
PST_3920	G_PST_3920	2	rxn00785;rxn01200
PST_3509	G_PST_3509	4	rxn05234;rxn05236;rxn05235;rxn05232
PST_2619	G_PST_2619	1	rxn03841
PST_3179	G_PST_3179	1	rxn00193
PST_1699	G_PST_1699	2	rxn05654;rxn05561
PST_0078	G_PST_0078	2	rxn05654;rxn05561
PST_2173	G_PST_2173	2	rxn05654;rxn05561
PST_3556	G_PST_3556	2	rxn05654;rxn05561
PST_3558	G_PST_3558	2	rxn05654;rxn05561
PST_1720	G_PST_1720	2	rxn05654;rxn05561
PST_3589	G_PST_3589	1	rxn01834
PST_1204	G_PST_1204	1	rxn01834
PST_3709	G_PST_3709	1	rxn01834
PST_3096	G_PST_3096	1	rxn00327
PST_2646	G_PST_2646	3	rxn00758;rxn08669;rxn01073
PST_4018	G_PST_4018	3	rxn00758;rxn08669;rxn01073
PST_0068	G_PST_0068	1	rxn05175
PST_0738	G_PST_0738	2	rxn05163;rxn05175
PST_0067	G_PST_0067	1	rxn05175
PST_0070	G_PST_0070	2	rxn05163;rxn05175
PST_0069	G_PST_0069	2	rxn05163;rxn05175
PST_0739	G_PST_0739	2	rxn05163;rxn05175
PST_0737	G_PST_0737	2	rxn05163;rxn05175
PST_0071	G_PST_0071	2	rxn05163;rxn05175
PST_0736	G_PST_0736	2	rxn05163;rxn05175
PST_1673	G_PST_1673	1	rxn02971
PST_3497	G_PST_3497	2	rxn01975;rxn00604
PST_0182	G_PST_0182	2	rxn01975;rxn00604
PST_2329	G_PST_2329	2	rxn01975;rxn00604
PST_3035	G_PST_3035	9	rxn01512;rxn00409;rxn00839;rxn00117;rxn00237;rxn01673;rxn00515;rxn01678;rxn01353
PST_2510	G_PST_2510	1	rxn01332
PST_1277	G_PST_1277	1	rxn01332
PST_2024	G_PST_2024	1	rxn01332
PST_3608	G_PST_3608	2	rxn01858;rxn01137
PST_0433	G_PST_0433	4	rxn08655;rxn08656;rxn00333;rxn08657
PST_0432	G_PST_0432	4	rxn08655;rxn08656;rxn00333;rxn08657
PST_0431	G_PST_0431	4	rxn08655;rxn08656;rxn00333;rxn08657
PST_0988	G_PST_0988	11	rxn05655;rxn05647;rxn05501;rxn10184;rxn05485;rxn05560;rxn05607;rxn05567;rxn05617;rxn02005;rxn05569
PST_2420	G_PST_2420	2	rxn00077;rxn10060
PST_0863	G_PST_0863	2	rxn05484;rxn05683
PST_3132	G_PST_3132	1	rxn00206
PST_2573	G_PST_2573	1	rxn00206
PST_0976	G_PST_0976	2	rxn07295;rxn00269
PST_0476	G_PST_0476	10	rxn03246;rxn03242;rxn01451;rxn02933;rxn01480;rxn03239;rxn04750;rxn06777;rxn03249;rxn03244
PST_1058	G_PST_1058	1	rxn00100
PST_3959	G_PST_3959	1	rxn01018
PST_3850	G_PST_3850	3	rxn01575;rxn00806;rxn00903
PST_0336	G_PST_0336	2	rxn02835;rxn02834
PST_0337	G_PST_0337	2	rxn02835;rxn02834
PST_1955	G_PST_1955	3	rxn10121;rxn00568;rxn00569
PST_2411	G_PST_2411	3	rxn10121;rxn00568;rxn10120
PST_1268	G_PST_1268	2	rxn10121;rxn10120
PST_0896	G_PST_0896	2	rxn10121;rxn10120
PST_0897	G_PST_0897	2	rxn10121;rxn10120
PST_0898	G_PST_0898	2	rxn10121;rxn10120
PST_2409	G_PST_2409	3	rxn10121;rxn00568;rxn00569
PST_0899	G_PST_0899	2	rxn10121;rxn10120
PST_0045	G_PST_0045	2	rxn02925;rxn00656
PST_0472	G_PST_0472	3	rxn09177;rxn12512;rxn02341
PST_1140	G_PST_1140	1	rxn06022
PST_3983	G_PST_3983	1	rxn09310
PST_2612	G_PST_2612	1	rxn09310
PST_3984	G_PST_3984	1	rxn09310
PST_4088	G_PST_4088	1	rxn03175
PST_2918	G_PST_2918	2	rxn05638;rxn10945
PST_3916	G_PST_3916	3	rxn01870;rxn00786;rxn01334
PST_3235	G_PST_3235	1	rxn00605
PST_1050	G_PST_1050	2	rxn00379;rxn09240
PST_1051	G_PST_1051	3	rxn00379;rxn00361;rxn09240
PST_1781	G_PST_1781	3	rxn01603;rxn00689;rxn01210
PST_4103	G_PST_4103	1	rxn05164
PST_4106	G_PST_4106	5	rxn05164;rxn05154;rxn05151;rxn05152;rxn05156
PST_2624	G_PST_2624	16	rxn08548;rxn10204;rxn10210;rxn08552;rxn08546;rxn08551;rxn08549;rxn10209;rxn10205;rxn10208;rxn10207;rxn10206;rxn08550;rxn10203;rxn10202;rxn08547
PST_0716	G_PST_0716	16	rxn08548;rxn10204;rxn10210;rxn08552;rxn08546;rxn08551;rxn08549;rxn10209;rxn10205;rxn10208;rxn10207;rxn10206;rxn08550;rxn10203;rxn10202;rxn08547
PST_3527	G_PST_3527	1	rxn00567
PST_3532	G_PST_3532	1	rxn00567
PST_3536	G_PST_3536	1	rxn00567
PST_3525	G_PST_3525	1	rxn00567
PST_1256	G_PST_1256	4	rxn02680;rxn03248;rxn06510;rxn00676
PST_1916	G_PST_1916	8	rxn02804;rxn03248;rxn00874;rxn00178;rxn03243;rxn06510;rxn00676;rxn02680
PST_1727	G_PST_1727	8	rxn02804;rxn03248;rxn00874;rxn00178;rxn03243;rxn06510;rxn00676;rxn02680
PST_2502	G_PST_2502	8	rxn02804;rxn03248;rxn00874;rxn00178;rxn03243;rxn06510;rxn00676;rxn02680
PST_1936	G_PST_1936	1	rxn05596
PST_2457	G_PST_2457	1	rxn05596
PST_1937	G_PST_1937	1	rxn05596
PST_0018	G_PST_0018	1	rxn05596
PST_3213	G_PST_3213	2	rxn00872;rxn02866
PST_3552	G_PST_3552	4	rxn00872;rxn02866;rxn02270;rxn01924
PST_2197	G_PST_2197	2	rxn00872;rxn02866
PST_1222	G_PST_1222	2	rxn00262;rxn00338
PST_1035	G_PST_1035	1	rxn02404
PST_2158	G_PST_2158	2	rxn00371;rxn10114
PST_0166	G_PST_0166	2	rxn00371;rxn10114
PST_2159	G_PST_2159	2	rxn00371;rxn10114
PST_0165	G_PST_0165	2	rxn00371;rxn10114
PST_2160	G_PST_2160	2	rxn00371;rxn10114
PST_0164	G_PST_0164	2	rxn00371;rxn10114
PST_2157	G_PST_2157	2	rxn00371;rxn10114
PST_0167	G_PST_0167	2	rxn00371;rxn10114
PST_4152	G_PST_4152	1	rxn00704
PST_0470	G_PST_0470	2	rxn00704;rxn01329
PST_1903	G_PST_1903	1	rxn02569
PST_2595	G_PST_2595	1	rxn00710
PST_3570	G_PST_3570	2	rxn01025;rxn00717
PST_0106	G_PST_0106	12	rxn00988;rxn05249;rxn09448;rxn05251;rxn05736;rxn00947;rxn05252;rxn05250;rxn09450;rxn05248;rxn09449;rxn05247
PST_2960	G_PST_2960	12	rxn00988;rxn05249;rxn09448;rxn05251;rxn05736;rxn00947;rxn05252;rxn05250;rxn09450;rxn05248;rxn09449;rxn05247
PST_0604	G_PST_0604	12	rxn00988;rxn05249;rxn09448;rxn05251;rxn05736;rxn00947;rxn05252;rxn05250;rxn09450;rxn05248;rxn09449;rxn05247
PST_0623	G_PST_0623	12	rxn00988;rxn05249;rxn09448;rxn05251;rxn05736;rxn00947;rxn05252;rxn05250;rxn09450;rxn05248;rxn09449;rxn05247
PST_0910	G_PST_0910	12	rxn00988;rxn05249;rxn09448;rxn05251;rxn05736;rxn00947;rxn05252;rxn05250;rxn09450;rxn05248;rxn09449;rxn05247
PST_0199	G_PST_0199	12	rxn00988;rxn05249;rxn09448;rxn05251;rxn05736;rxn00947;rxn05252;rxn05250;rxn09450;rxn05248;rxn09449;rxn05247
PST_2961	G_PST_2961	12	rxn00988;rxn05249;rxn09448;rxn05251;rxn05736;rxn00947;rxn05252;rxn05250;rxn09450;rxn05248;rxn09449;rxn05247
PST_1299	G_PST_1299	1	rxn02897
PST_0435	G_PST_0435	1	rxn00330
PST_3898	G_PST_3898	1	rxn00330
PST_3825	G_PST_3825	2	rxn03916;rxn03918
PST_0156	G_PST_0156	3	rxn11944;rxn04674;rxn03397
PST_0340	G_PST_0340	3	rxn10094;rxn04674;rxn03397
PST_1369	G_PST_1369	1	rxn13782
PST_0547	G_PST_0547	1	rxn13782
PST_2052	G_PST_2052	1	rxn13782
PST_2819	G_PST_2819	1	rxn13782
PST_3061	G_PST_3061	1	rxn13782
PST_1012	G_PST_1012	1	rxn13782
PST_1014	G_PST_1014	1	rxn13782
PST_2369	G_PST_2369	1	rxn13782
PST_0010	G_PST_0010	1	rxn13782
PST_3768	G_PST_3768	1	rxn13782
PST_0964	G_PST_0964	1	rxn13782
PST_0009	G_PST_0009	1	rxn13782
PST_2289	G_PST_2289	1	rxn13782
PST_2053	G_PST_2053	1	rxn13782
PST_0758	G_PST_0758	1	rxn13782
PST_1374	G_PST_1374	1	rxn13782
PST_3030	G_PST_3030	1	rxn13782
PST_2754	G_PST_2754	1	rxn13782
PST_2365	G_PST_2365	1	rxn13782
PST_3630	G_PST_3630	1	rxn13782
PST_2813	G_PST_2813	1	rxn13782
PST_1013	G_PST_1013	1	rxn13782
PST_2364	G_PST_2364	1	rxn13782
PST_2447	G_PST_2447	1	rxn13782
PST_3936	G_PST_3936	2	rxn00910;rxn04954
PST_1083	G_PST_1083	1	rxn02286
PST_1550	G_PST_1550	1	rxn03159
PST_1743	G_PST_1743	3	rxn00474;rxn01964;rxn01682
PST_2895	G_PST_2895	3	rxn00474;rxn01964;rxn01682
PST_2896	G_PST_2896	3	rxn00474;rxn01964;rxn01682
PST_0835	G_PST_0835	2	rxn02475;rxn02474
PST_0610	G_PST_0610	3	rxn00898;rxn01477;rxn03437
PST_4012	G_PST_4012	2	rxn00898;rxn03437
PST_1199	G_PST_1199	2	rxn03446;rxn01069
PST_0084	G_PST_0084	1	rxn01997
PST_4186	G_PST_4186	1	rxn00555
PST_3743	G_PST_3743	2	rxn00260;rxn02339
PST_3564	G_PST_3564	4	rxn05108;rxn00260;rxn01270;rxn02339
PST_2599	G_PST_2599	2	rxn00260;rxn02339
PST_2731	G_PST_2731	2	rxn00260;rxn02339
PST_2335	G_PST_2335	2	rxn00260;rxn02339
PST_0038	G_PST_0038	1	rxn05219
PST_3279	G_PST_3279	2	rxn03137;rxn00832
PST_2340	G_PST_2340	4	rxn00527;rxn02320;rxn01270;rxn00493
PST_2998	G_PST_2998	3	rxn00527;rxn01270;rxn00493
PST_1047	G_PST_1047	3	rxn00527;rxn02320;rxn00493
PST_2139	G_PST_2139	4	rxn08127;rxn08128;rxn08126;rxn08129
PST_0510	G_PST_0510	1	rxn01974
PST_2254	G_PST_2254	1	rxn01274
PST_1121	G_PST_1121	1	rxn01274
PST_3114	G_PST_3114	1	rxn00010
PST_1080	G_PST_1080	1	rxn02008
PST_3784	G_PST_3784	1	rxn02155
PST_3174	G_PST_3174	3	rxn00836;rxn00915;rxn01544
PST_0487	G_PST_0487	2	rxn00915;rxn01544
PST_1044	G_PST_1044	1	rxn00461
PST_2323	G_PST_2323	2	rxn03395;rxn11946
PST_3651	G_PST_3651	1	rxn00283
PST_0319	G_PST_0319	1	rxn00137
PST_1738	G_PST_1738	1	rxn01022
PST_1873	G_PST_1873	4	rxn00288;rxn10126;rxn08528;rxn09272
PST_1874	G_PST_1874	4	rxn00288;rxn10126;rxn08528;rxn09272
PST_1872	G_PST_1872	4	rxn00288;rxn10126;rxn08528;rxn09272
PST_0862	G_PST_0862	1	rxn12405
PST_0747	G_PST_0747	1	rxn02507
PST_2975	G_PST_2975	1	rxn03901
PST_2210	G_PST_2210	1	rxn03901
PST_1082	G_PST_1082	2	rxn03408;rxn03933
PST_1723	G_PST_1723	4	rxn00669;rxn00675;rxn00175;rxn00986
PST_1660	G_PST_1660	1	rxn01333
PST_0990	G_PST_0990	1	rxn05560
PST_2934	G_PST_2934	1	rxn00714
PST_2205	G_PST_2205	1	rxn08291
PST_0483	G_PST_0483	1	rxn08291
PST_4110	G_PST_4110	1	rxn08291
PST_0012	G_PST_0012	1	rxn06865
PST_1426	G_PST_1426	1	rxn06865
PST_0459	G_PST_0459	2	rxn00303;rxn00242
PST_2669	G_PST_2669	1	rxn00303
PST_1203	G_PST_1203	1	rxn01434
PST_2223	G_PST_2223	1	rxn00693
PST_0963	G_PST_0963	2	rxn00392;rxn00122
PST_0742	G_PST_0742	1	rxn01116
PST_3186	G_PST_3186	1	rxn03908
PST_3271	G_PST_3271	1	rxn06526
PST_2708	G_PST_2708	1	rxn06526
PST_3384	G_PST_3384	1	rxn06526
PST_0357	G_PST_0357	3	rxn05207;rxn05208;rxn05604
PST_3272	G_PST_3272	1	rxn02213
PST_3318	G_PST_3318	2	rxn02200;rxn02201
PST_0061	G_PST_0061	7	rxn03839;rxn00231;rxn03869;rxn02222;rxn00853;rxn02275;rxn01843
PST_2849	G_PST_2849	4	rxn08556;rxn00616;rxn08558;rxn08557
PST_1601	G_PST_1601	4	rxn08556;rxn00616;rxn08558;rxn08557
PST_1541	G_PST_1541	2	rxn04308;rxn03843
PST_1774	G_PST_1774	1	rxn03062
PST_2690	G_PST_2690	1	rxn01973
PST_3178	G_PST_3178	1	rxn00506
PST_3106	G_PST_3106	1	rxn00506
PST_1846	G_PST_1846	3	rxn01388;rxn00973;rxn00974
PST_3297	G_PST_3297	1	rxn01791
PST_2726	G_PST_2726	1	rxn00020
PST_3024	G_PST_3024	6	rxn03839;rxn00231;rxn03869;rxn02222;rxn02275;rxn01843
PST_1022	G_PST_1022	7	rxn03839;rxn00231;rxn03869;rxn02222;rxn03146;rxn02275;rxn01843
PST_0471	G_PST_0471	1	rxn01519
PST_0540	G_PST_0540	1	rxn00029
PST_2036	G_PST_2036	1	rxn03060
PST_0542	G_PST_0542	1	rxn02449
PST_1298	G_PST_1298	3	rxn03536;rxn03537;rxn04413
PST_3835	G_PST_3835	1	rxn01316
PST_2137	G_PST_2137	1	rxn08615
PST_1526	G_PST_1526	2	rxn00208;rxn00209
PST_0550	G_PST_0550	1	rxn00161
PST_1637	G_PST_1637	4	rxn06075;rxn06076;rxn05233;rxn05231
PST_0266	G_PST_0266	2	rxn05233;rxn05231
PST_3997	G_PST_3997	2	rxn05233;rxn05231
PST_1636	G_PST_1636	4	rxn06075;rxn06076;rxn05233;rxn05231
PST_0110	G_PST_0110	2	rxn05233;rxn05231
PST_0109	G_PST_0109	4	rxn06075;rxn06076;rxn05233;rxn05231
PST_1102	G_PST_1102	3	rxn08901;rxn00935;rxn08900
PST_2444	G_PST_2444	1	rxn01477
PST_3500	G_PST_3500	1	rxn01477
PST_2613	G_PST_2613	3	rxn05306;rxn05663;rxn05301
PST_3256	G_PST_3256	6	rxn02186;rxn03068;rxn03435;rxn03436;rxn02187;rxn01790
PST_1670	G_PST_1670	1	rxn00584
PST_1168	G_PST_1168	1	rxn00085
PST_1189	G_PST_1189	1	rxn00085
PST_3128	G_PST_3128	1	rxn00085
PST_1736	G_PST_1736	1	rxn00085
PST_0561	G_PST_0561	1	rxn00085
PST_0562	G_PST_0562	1	rxn00085
PST_0833	G_PST_0833	1	rxn00085
PST_3095	G_PST_3095	1	rxn01746
PST_2745	G_PST_2745	1	rxn00251
PST_2892	G_PST_2892	2	rxn00295;rxn00214
PST_0816	G_PST_0816	2	rxn00295;rxn00214
PST_1698	G_PST_1698	1	rxn00265
PST_2338	G_PST_2338	3	rxn01219;rxn00364;rxn00707
PST_2744	G_PST_2744	3	rxn10052;rxn00097;rxn01127
PST_2226	G_PST_2226	1	rxn10181
PST_1651	G_PST_1651	1	rxn00291
PST_1555	G_PST_1555	2	rxn00410;rxn00412
PST_2350	G_PST_2350	1	rxn05152
PST_1179	G_PST_1179	2	rxn05146;rxn05152
PST_4004	G_PST_4004	3	rxn02792;rxn02791;rxn00350
PST_2869	G_PST_2869	3	rxn02792;rxn02791;rxn00350
PST_1243	G_PST_1243	1	rxn05221
PST_1246	G_PST_1246	1	rxn05221
PST_2410	G_PST_2410	2	rxn00568;rxn00569
PST_1954	G_PST_1954	2	rxn00568;rxn00569
PST_3878	G_PST_3878	2	rxn00872;rxn02270
PST_4069	G_PST_4069	1	rxn12224
PST_2634	G_PST_2634	1	rxn02405
PST_0491	G_PST_0491	2	rxn00781;rxn00782
PST_2656	G_PST_2656	1	rxn00782
PST_0676	G_PST_0676	1	rxn00395
PST_3978	G_PST_3978	1	rxn00395
PST_1745	G_PST_1745	2	rxn01868;rxn01867
PST_3757	G_PST_3757	1	rxn02305
PST_0563	G_PST_0563	2	rxn03384;rxn02288
PST_3680	G_PST_3680	1	rxn05551
PST_4140	G_PST_4140	13	rxn00363;rxn01445;rxn02400;rxn01218;rxn00132;rxn01961;rxn01145;rxn00831;rxn01521;rxn00708;rxn01507;rxn00913;rxn01670
PST_1568	G_PST_1568	13	rxn00363;rxn01445;rxn02400;rxn01218;rxn00132;rxn01961;rxn01145;rxn00831;rxn01521;rxn00708;rxn01507;rxn00913;rxn01670
PST_3566	G_PST_3566	2	rxn05064;rxn05063
PST_1455	G_PST_1455	1	rxn10116
PST_0991	G_PST_0991	1	rxn10116
PST_4122	G_PST_4122	3	rxn09562;rxn01509;rxn00239
PST_0461	G_PST_0461	3	rxn09562;rxn01509;rxn00239
PST_1894	G_PST_1894	2	rxn00612;rxn00611
PST_3958	G_PST_3958	1	rxn00711
PST_3175	G_PST_3175	1	rxn00711
PST_3217	G_PST_3217	1	rxn00991
PST_1716	G_PST_1716	1	rxn00991
PST_0967	G_PST_0967	4	rxn04113;rxn04996;rxn08756;rxn08352
PST_2504	G_PST_2504	1	rxn06023
PST_3894	G_PST_3894	1	rxn00007
PST_3562	G_PST_3562	2	rxn01315;rxn04989
PST_0207	G_PST_0207	3	rxn00500;rxn08783;rxn00146
PST_4153	G_PST_4153	2	rxn00763;rxn00543
PST_2078	G_PST_2078	2	rxn00763;rxn00543
PST_2871	G_PST_2871	2	rxn00763;rxn00543
PST_2239	G_PST_2239	2	rxn00763;rxn00543
PST_3017	G_PST_3017	2	rxn00763;rxn00543
PST_0312	G_PST_0312	2	rxn00763;rxn00543
PST_0493	G_PST_0493	2	rxn00763;rxn00543
PST_2436	G_PST_2436	4	rxn05607;rxn05608;rxn10174;rxn05170
PST_3484	G_PST_3484	3	rxn05608;rxn10174;rxn05170
PST_3486	G_PST_3486	3	rxn05608;rxn10174;rxn05170
PST_3478	G_PST_3478	4	rxn05608;rxn10174;rxn05170;rxn00062
PST_3490	G_PST_3490	4	rxn05607;rxn05608;rxn10174;rxn05170
PST_3485	G_PST_3485	3	rxn05608;rxn10174;rxn05170
PST_1831	G_PST_1831	1	rxn00138
PST_2306	G_PST_2306	2	rxn03136;rxn00800
PST_2443	G_PST_2443	2	rxn00216;rxn01169
PST_3499	G_PST_3499	2	rxn00216;rxn01169
PST_1291	G_PST_1291	3	rxn05029;rxn08194;rxn03535
PST_3785	G_PST_3785	1	rxn02373
PST_1604	G_PST_1604	1	rxn05581
PST_0744	G_PST_0744	2	rxn00726;rxn00727
PST_0745	G_PST_0745	3	rxn00726;rxn00727;rxn01257
PST_1997	G_PST_1997	1	rxn02177
PST_2331	G_PST_2331	1	rxn02177
PST_3598	G_PST_3598	1	rxn02177
PST_3012	G_PST_3012	1	rxn02177
PST_2788	G_PST_2788	1	rxn03147
PST_0724	G_PST_0724	1	rxn00095
PST_2054	G_PST_2054	2	rxn01211;rxn00907
PST_3495	G_PST_3495	2	rxn03884;rxn00328
PST_2327	G_PST_2327	2	rxn03884;rxn00328
PST_1126	G_PST_1126	2	rxn00173;rxn00670
PST_0690	G_PST_0690	2	rxn00173;rxn00670
PST_1672	G_PST_1672	1	rxn02782
PST_0315	G_PST_0315	1	rxn00371
PST_1939	G_PST_1939	1	rxn00371
PST_0346	G_PST_0346	1	rxn00371
PST_1940	G_PST_1940	1	rxn00371
PST_3681	G_PST_3681	1	rxn00539
PST_3682	G_PST_3682	1	rxn00539
PST_1694	G_PST_1694	2	rxn02270;rxn01924
PST_1915	G_PST_1915	3	rxn01451;rxn02270;rxn01924
PST_0934	G_PST_0934	2	rxn00184;rxn00182
PST_1682	G_PST_1682	2	rxn01241;rxn06493
PST_0926	G_PST_0926	2	rxn01297;rxn01522
PST_0924	G_PST_0924	2	rxn01297;rxn01522
PST_3081	G_PST_3081	2	rxn01297;rxn01522
PST_0925	G_PST_0925	2	rxn01297;rxn01522
PST_3082	G_PST_3082	2	rxn01297;rxn01522
PST_1036	G_PST_1036	1	rxn01117
PST_1621	G_PST_1621	1	rxn01107
PST_2630	G_PST_2630	1	rxn00776
PST_1422	G_PST_1422	1	rxn00776
PST_2326	G_PST_2326	1	rxn00776
PST_1261	G_PST_1261	1	rxn00776
PST_3719	G_PST_3719	1	rxn00776
PST_1452	G_PST_1452	1	rxn00776
PST_3642	G_PST_3642	1	rxn00776
PST_3308	G_PST_3308	1	rxn00776
PST_1778	G_PST_1778	1	rxn00776
PST_1686	G_PST_1686	1	rxn09296
PST_0567	G_PST_0567	1	rxn09296
PST_2433	G_PST_2433	1	rxn01255
PST_3257	G_PST_3257	3	rxn02185;rxn00011;rxn03194
PST_3258	G_PST_3258	3	rxn02185;rxn00011;rxn03194
PST_2390	G_PST_2390	3	rxn08335;rxn08336;rxn01360
PST_0685	G_PST_0685	1	rxn01453
PST_1543	G_PST_1543	1	rxn03958
PST_4114	G_PST_4114	2	rxn12206;rxn05465
PST_3116	G_PST_3116	2	rxn01280;rxn01281
PST_2974	G_PST_2974	2	rxn01280;rxn01281
PST_0096	G_PST_0096	2	ADD_GABA3;rxn01729
PST_2412	G_PST_2412	2	rxn02287;rxn02774
PST_3537	G_PST_3537	2	rxn02287;rxn02774
PST_2039	G_PST_2039	1	rxn00147
PST_0273	G_PST_0273	2	rxn05312;rxn11268
PST_2345	G_PST_2345	1	rxn03057
PST_0276	G_PST_0276	1	rxn00646
PST_3846	G_PST_3846	1	rxn08708
PST_4104	G_PST_4104	2	rxn05151;rxn05156
PST_3077	G_PST_3077	1	rxn03886
PST_3317	G_PST_3317	1	rxn01485
PST_1957	G_PST_1957	1	rxn04704
PST_1830	G_PST_1830	1	rxn04704
PST_2109	G_PST_2109	1	rxn04704
PST_3758	G_PST_3758	1	rxn01629
PST_1880	G_PST_1880	3	rxn05244;rxn05243;rxn05669
PST_2775	G_PST_2775	3	rxn05244;rxn05243;rxn05669
PST_1328	G_PST_1328	0	
PST_1326	G_PST_1326	0	
PST_1327	G_PST_1327	0	
PST_1600	G_PST_1600	1	rxn05313
PST_4036	G_PST_4036	1	rxn05313
PST_4005	G_PST_4005	1	rxn05313
PST_0429	G_PST_0429	1	rxn00966
PST_0605	G_PST_0605	1	rxn01451
PST_2431	G_PST_2431	1	rxn05092
PST_1180	G_PST_1180	1	rxn03084
PST_2005	G_PST_2005	3	rxn00002;rxn03839;rxn02222
PST_0921	G_PST_0921	2	rxn03839;rxn02222
PST_0503	G_PST_0503	1	rxn05466
PST_1589	G_PST_1589	1	rxn05466
PST_0504	G_PST_0504	1	rxn05466
PST_1361	G_PST_1361	3	rxn10162;rxn10163;rxn10161
PST_2617	G_PST_2617	1	rxn01513
PST_2339	G_PST_2339	3	rxn02476;rxn01269;rxn01268
PST_2100	G_PST_2100	1	rxn00781
PST_3814	G_PST_3814	1	rxn00775
PST_0318	G_PST_0318	2	rxn00775;rxn03130
PST_1077	G_PST_1077	1	rxn02011
PST_2982	G_PST_2982	1	rxn05161
PST_2027	G_PST_2027	1	rxn05239
PST_3090	G_PST_3090	1	rxn05201
PST_0920	G_PST_0920	1	rxn05201
PST_1773	G_PST_1773	2	rxn02811;rxn02789
PST_2924	G_PST_2924	1	rxn02789
PST_1772	G_PST_1772	2	rxn02811;rxn02789
PST_3876	G_PST_3876	1	rxn00830
PST_3866	G_PST_3866	1	rxn08180
PST_3919	G_PST_3919	1	rxn01331
PST_1377	G_PST_1377	1	rxn00162
PST_3733	G_PST_3733	1	rxn00162
PST_1378	G_PST_1378	1	rxn00162
PST_0414	G_PST_0414	1	rxn01520
PST_0190	G_PST_0190	1	rxn00189
PST_3340	G_PST_3340	1	rxn08783
PST_2250	G_PST_2250	1	rxn00322
PST_0959	G_PST_0959	1	rxn00179
PST_3121	G_PST_3121	2	rxn03990;rxn03991
PST_1201	G_PST_1201	1	rxn01465
PST_3960	G_PST_3960	1	rxn01465
PST_1046	G_PST_1046	2	rxn02159;rxn00863
PST_1300	G_PST_1300	1	rxn03150
PST_3790	G_PST_3790	1	rxn02167
PST_1648	G_PST_1648	1	rxn02167
PST_1213	G_PST_1213	2	rxn02167;rxn03433
PST_3160	G_PST_3160	1	rxn00533
PST_3215	G_PST_3215	1	rxn01504
PST_1353	G_PST_1353	1	rxn00423
PST_3026	G_PST_3026	1	rxn00423
PST_3044	G_PST_3044	1	rxn00423
PST_1603	G_PST_1603	1	rxn00615
PST_2814	G_PST_2814	1	rxn00056
PST_1090	G_PST_1090	1	rxn00056
PST_1296	G_PST_1296	1	rxn04385
PST_2066	G_PST_2066	2	rxn02914;rxn03445
PST_2342	G_PST_2342	2	rxn02914;rxn03445
PST_2028	G_PST_2028	1	rxn01300
PST_0112	G_PST_0112	1	rxn01300
PST_0294	G_PST_0294	2	rxn01314;rxn01313
PST_1565	G_PST_1565	1	rxn01313
PST_1292	G_PST_1292	2	rxn11544;rxn06979
PST_0860	G_PST_0860	1	rxn01146
PST_3634	G_PST_3634	1	rxn01146
PST_1249	G_PST_1249	1	rxn01192
PST_1250	G_PST_1250	1	rxn01192
PST_1669	G_PST_1669	2	rxn03897;rxn03898
PST_1668	G_PST_1668	2	rxn03897;rxn03898
PST_1667	G_PST_1667	2	rxn03897;rxn03898
PST_0717	G_PST_0717	1	rxn02504
PST_1265	G_PST_1265	2	rxn00407;rxn01672
PST_3288	G_PST_3288	1	rxn00904
PST_3296	G_PST_3296	1	rxn00912
PST_0940	G_PST_0940	1	rxn00692
PST_0861	G_PST_0861	1	rxn00992
PST_2762	G_PST_2762	1	rxn00002
PST_2721	G_PST_2721	1	rxn08971
PST_1625	G_PST_1625	1	rxn08971
PST_1801	G_PST_1801	1	rxn08971
PST_2826	G_PST_2826	1	rxn08971
PST_3970	G_PST_3970	1	rxn01303
PST_1994	G_PST_1994	1	rxn01303
PST_0843	G_PST_0843	2	rxn05040;rxn00300
PST_0837	G_PST_0837	2	rxn05040;rxn00300
PST_1553	G_PST_1553	1	rxn06673
PST_1780	G_PST_1780	1	rxn06673
PST_1784	G_PST_1784	1	rxn00790
PST_0524	G_PST_0524	1	rxn00060
PST_0811	G_PST_0811	1	rxn00006
PST_0092	G_PST_0092	1	rxn00006
PST_0039	G_PST_0039	1	rxn00006
PST_1629	G_PST_1629	1	rxn00006
PST_3568	G_PST_3568	1	rxn00006
PST_4090	G_PST_4090	1	rxn02473
PST_3008	G_PST_3008	1	rxn00834
PST_3031	G_PST_3031	1	rxn05293
PST_0838	G_PST_0838	1	rxn03080
PST_0041	G_PST_0041	1	rxn05150
PST_0042	G_PST_0042	1	rxn05150
PST_0044	G_PST_0044	1	rxn05150
PST_3085	G_PST_3085	1	rxn05150
PST_3865	G_PST_3865	1	rxn02297
PST_0741	G_PST_0741	2	rxn01631;rxn01204
PST_1683	G_PST_1683	1	rxn00799
PST_1147	G_PST_1147	1	rxn00799
PST_0511	G_PST_0511	1	rxn00313
PST_1257	G_PST_1257	1	rxn02369
PST_2113	G_PST_2113	1	rxn00086
PST_1512	G_PST_1512	2	rxn01187;rxn00548
PST_1923	G_PST_1923	1	rxn03433
PST_3847	G_PST_3847	1	rxn08618
PST_1870	G_PST_1870	1	rxn00256
PST_3295	G_PST_3295	1	rxn02503
PST_0718	G_PST_0718	1	rxn02503
PST_3742	G_PST_3742	1	rxn00131
PST_1878	G_PST_1878	1	rxn00285
PST_1879	G_PST_1879	1	rxn00285
PST_2188	G_PST_2188	1	rxn00547
PST_0187	G_PST_0187	1	rxn00250
PST_0186	G_PST_0186	1	rxn00250
PST_1088	G_PST_1088	1	rxn03146
PST_3189	G_PST_3189	1	rxn00770
PST_0859	G_PST_0859	1	rxn00770
PST_2116	G_PST_2116	1	rxn00770
PST_3165	G_PST_3165	2	rxn01636;rxn00192
PST_0275	G_PST_0275	2	rxn00192;rxn05457
PST_1674	G_PST_1674	1	rxn00588
PST_2393	G_PST_2393	1	rxn00182
PST_2034	G_PST_2034	1	rxn00289
PST_3677	G_PST_3677	1	rxn03393
PST_0544	G_PST_0544	1	rxn03393
PST_1187	G_PST_1187	1	rxn04783
PST_0558	G_PST_0558	1	rxn01739
PST_2164	G_PST_2164	1	rxn00543
PST_0612	G_PST_0612	2	rxn10770;rxn00543
PST_3241	G_PST_3241	1	rxn00543
PST_3803	G_PST_3803	1	rxn00543
PST_1563	G_PST_1563	1	rxn00543
PST_0444	G_PST_0444	1	rxn00543
PST_0197	G_PST_0197	1	rxn00347
PST_3880	G_PST_3880	1	rxn05206
PST_0191	G_PST_0191	1	rxn00102
PST_3234	G_PST_3234	1	rxn00102
PST_4160	G_PST_4160	1	rxn00102
PST_3563	G_PST_3563	1	rxn03236
PST_3183	G_PST_3183	1	rxn06591
PST_3926	G_PST_3926	1	rxn00126
PST_3323	G_PST_3323	1	rxn00414
PST_3324	G_PST_3324	1	rxn00414
PST_2996	G_PST_2996	1	rxn06937
PST_0933	G_PST_0933	1	rxn05937
PST_1518	G_PST_1518	1	rxn05937
PST_2629	G_PST_2629	1	rxn00980
PST_2324	G_PST_2324	1	rxn00980
PST_0743	G_PST_0743	1	rxn00980
PST_1779	G_PST_1779	1	rxn02508
PST_2263	G_PST_2263	2	rxn01108;rxn01109
PST_3387	G_PST_3387	6	rxn10481;rxn05528;rxn05516;rxn00062;rxn10343;rxn10344
PST_0664	G_PST_0664	6	rxn10481;rxn05528;rxn05516;rxn00062;rxn10343;rxn10344
PST_3613	G_PST_3613	6	rxn10481;rxn05528;rxn05516;rxn00062;rxn10343;rxn10344
PST_1968	G_PST_1968	1	rxn00224
PST_1828	G_PST_1828	1	rxn00139
PST_3569	G_PST_3569	1	rxn05527
PST_1079	G_PST_1079	2	rxn03903;rxn03904
PST_0753	G_PST_0753	1	rxn02465
PST_3849	G_PST_3849	1	rxn08711
PST_0324	G_PST_0324	1	rxn00549
PST_2029	G_PST_2029	1	rxn01257
PST_3157	G_PST_3157	1	rxn05029
PST_3125	G_PST_3125	1	rxn01265
PST_0027	G_PST_0027	1	rxn01740
PST_2050	G_PST_2050	1	rxn03130
PST_1440	G_PST_1440	1	rxn00416
PST_3559	G_PST_3559	1	rxn00165
PST_0338	G_PST_0338	1	rxn03394
PST_2884	G_PST_2884	1	rxn03394
PST_4105	G_PST_4105	1	rxn05154
PST_3663	G_PST_3663	1	rxn00838
PST_2970	G_PST_2970	1	rxn00065
PST_2461	G_PST_2461	1	rxn00065
PST_0271	G_PST_0271	1	rxn00065
PST_0516	G_PST_0516	1	rxn00065
PST_3935	G_PST_3935	1	rxn00141
PST_2873	G_PST_2873	1	rxn05651
PST_0154	G_PST_0154	1	rxn05651
PST_2524	G_PST_2524	1	rxn05651
PST_3521	G_PST_3521	1	rxn01806
PST_3522	G_PST_3522	1	rxn01806
PST_0177	G_PST_0177	1	rxn00337
PST_1370	G_PST_1370	1	rxn00337
PST_0404	G_PST_0404	1	rxn00777
PST_3216	G_PST_3216	1	rxn02889
PST_3214	G_PST_3214	1	rxn02889
PST_0436	G_PST_0436	1	rxn05602
PST_3336	G_PST_3336	1	rxn05602
PST_4080	G_PST_4080	1	rxn01106
PST_1400	G_PST_1400	1	rxn00361
PST_1924	G_PST_1924	1	rxn01480
PST_0323	G_PST_0323	1	rxn05740
PST_1929	G_PST_1929	1	rxn05740
PST_2636	G_PST_2636	1	rxn03181
PST_3025	G_PST_3025	1	rxn05108
PST_1234	G_PST_1234	1	rxn04070
PST_3236	G_PST_3236	1	rxn02004
PST_2831	G_PST_2831	1	rxn03004
PST_1352	G_PST_1352	1	rxn00202
PST_3862	G_PST_3862	1	rxn02277
PST_1289	G_PST_1289	1	rxn10147
PST_0846	G_PST_0846	1	rxn10147
PST_1165	G_PST_1165	1	rxn00691
PST_1293	G_PST_1293	1	rxn11650
PST_0526	G_PST_0526	1	rxn02264
PST_0525	G_PST_0525	1	rxn02264
PST_3084	G_PST_3084	1	rxn01225
PST_3078	G_PST_3078	1	rxn01225
PST_2236	G_PST_2236	1	rxn00623
PST_0997	G_PST_0997	1	rxn00623
PST_0895	G_PST_0895	2	rxn05627;rxn05625
PST_2406	G_PST_2406	2	rxn05627;rxn05625
PST_0306	G_PST_0306	2	rxn00420;rxn02046
PST_3879	G_PST_3879	1	rxn05209
PST_4134	G_PST_4134	1	rxn05209
PST_3404	G_PST_3404	1	rxn05209
PST_2839	G_PST_2839	1	rxn03031
PST_3118	G_PST_3118	1	rxn00148
PST_1150	G_PST_1150	1	rxn00148
PST_3406	G_PST_3406	1	rxn00148
PST_0684	G_PST_0684	2	rxn00874;rxn00178
PST_3220	G_PST_3220	2	rxn00874;rxn00178
PST_3176	G_PST_3176	1	rxn05197
PST_3479	G_PST_3479	1	rxn00022
PST_0490	G_PST_0490	1	rxn00022
PST_2479	G_PST_2479	1	rxn05289
PST_2294	G_PST_2294	1	rxn05289
PST_3557	G_PST_3557	1	rxn05289
PST_0082	G_PST_0082	1	rxn02000
PST_4107	G_PST_4107	1	rxn01977
PST_2111	G_PST_2111	1	rxn00213
PST_4016	G_PST_4016	1	rxn10131
PST_3977	G_PST_3977	1	rxn10131
PST_1570	G_PST_1570	1	rxn10131
PST_0677	G_PST_0677	1	rxn10131
PST_3664	G_PST_3664	1	rxn00789
PST_1045	G_PST_1045	1	rxn00789
PST_1834	G_PST_1834	3	rxn10481;rxn00062;rxn05528
PST_3856	G_PST_3856	1	rxn06077
PST_3280	G_PST_3280	1	rxn02895
PST_3944	G_PST_3944	1	rxn02312
PST_0840	G_PST_0840	1	rxn00438
PST_2035	G_PST_2035	1	rxn00679
PST_0727	G_PST_0727	1	rxn03951
PST_4119	G_PST_4119	1	rxn12206
PST_4115	G_PST_4115	1	rxn12206
PST_4116	G_PST_4116	1	rxn12206
PST_4120	G_PST_4120	1	rxn12206
PST_4117	G_PST_4117	1	rxn12206
PST_4118	G_PST_4118	1	rxn12206
PST_3117	G_PST_3117	1	rxn01102
PST_1258	G_PST_1258	1	rxn02144
PST_1775	G_PST_1775	1	rxn01643
PST_1776	G_PST_1776	1	rxn01643
PST_2968	G_PST_2968	1	rxn01643
PST_2201	G_PST_2201	1	rxn01275
PST_4073	G_PST_4073	1	rxn01653
PST_0060	G_PST_0060	1	rxn01029
PST_2227	G_PST_2227	1	rxn01671
PST_0466	G_PST_0466	1	rxn01362
PST_3633	G_PST_3633	1	rxn02402
PST_3954	G_PST_3954	1	rxn00351
PST_3979	G_PST_3979	1	rxn01019
PST_0675	G_PST_0675	1	rxn01019
PST_3003	G_PST_3003	1	rxn01019
PST_1069	G_PST_1069	1	rxn03917
PST_4087	G_PST_4087	1	rxn03135
PST_0274	G_PST_0274	1	rxn00469
PST_0746	G_PST_0746	1	rxn00791
PST_4113	G_PST_4113	1	rxn12432
PST_4112	G_PST_4112	1	rxn12432
PST_1266	G_PST_1266	1	rxn10120
PST_3531	G_PST_3531	1	rxn10120
PST_1267	G_PST_1267	1	rxn10120
PST_2191	G_PST_2191	1	rxn05170
PST_2193	G_PST_2193	1	rxn05170
PST_2190	G_PST_2190	1	rxn05170
PST_2192	G_PST_2192	1	rxn05170
PST_0026	G_PST_0026	1	rxn02303
PST_3273	G_PST_3273	1	rxn06672
PST_3274	G_PST_3274	1	rxn06672
PST_2834	G_PST_2834	1	rxn03087
PST_0293	G_PST_0293	1	rxn00247
PST_3119	G_PST_3119	1	rxn05667
PST_0469	G_PST_0469	1	rxn01917
PST_3918	G_PST_3918	1	rxn01100
PST_1818	G_PST_1818	1	rxn02939
PST_2973	G_PST_2973	1	rxn01015
PST_3115	G_PST_3115	1	rxn01015
PST_4002	G_PST_4002	1	rxn02175
PST_3155	G_PST_3155	1	rxn01790
PST_2025	G_PST_2025	1	rxn01790
PST_3316	G_PST_3316	1	rxn00747
PST_2194	G_PST_2194	1	rxn00629
PST_0428	G_PST_0428	1	rxn03893
PST_3858	G_PST_3858	1	rxn02270
PST_2632	G_PST_2632	1	rxn02285
PST_3848	G_PST_3848	1	rxn08710
PST_0017	G_PST_0017	1	rxn05146
PST_0015	G_PST_0015	1	rxn05146
PST_0014	G_PST_0014	2	rxn00062;rxn05146
PST_0016	G_PST_0016	1	rxn05146
PST_0674	G_PST_0674	1	rxn00114
PST_3980	G_PST_3980	1	rxn00114
PST_3805	G_PST_3805	1	rxn00420
PST_0408	G_PST_0408	1	rxn00420
PST_3686	G_PST_3686	1	rxn00001
PST_0143	G_PST_0143	1	rxn01476
PST_2328	G_PST_2328	1	rxn01476
PST_3496	G_PST_3496	1	rxn01476
PST_1842	G_PST_1842	1	rxn00058
PST_1838	G_PST_1838	1	rxn00058
PST_1843	G_PST_1843	1	rxn00058
PST_1839	G_PST_1839	1	rxn00058
PST_3541	G_PST_3541	1	rxn00058
PST_1841	G_PST_1841	1	rxn00058
PST_1837	G_PST_1837	1	rxn00058
PST_1840	G_PST_1840	1	rxn00058
PST_0815	G_PST_0815	1	rxn02003
PST_1547	G_PST_1547	1	rxn06723
PST_2536	G_PST_2536	1	rxn07438
PST_1746	G_PST_1746	1	rxn10770
PST_1559	G_PST_1559	1	rxn03907
PST_1084	G_PST_1084	1	rxn00851
PST_3298	G_PST_3298	1	rxn00346
PST_3838	G_PST_3838	1	rxn00827
PST_0893	G_PST_0893	1	rxn05625
PST_3737	G_PST_3737	1	rxn00101
PST_3729	G_PST_3729	1	rxn00101
PST_3738	G_PST_3738	1	rxn00101
PST_3727	G_PST_3727	1	rxn00101
PST_3726	G_PST_3726	1	rxn00101
PST_3728	G_PST_3728	1	rxn00101
PST_3736	G_PST_3736	1	rxn00101
PST_2311	G_PST_2311	1	rxn00336
PST_3268	G_PST_3268	1	rxn00062
PST_3581	G_PST_3581	1	rxn00062
PST_3973	G_PST_3973	1	rxn00062
PST_0375	G_PST_0375	1	rxn00062
PST_1345	G_PST_1345	1	rxn00062
PST_0237	G_PST_0237	1	rxn00062
PST_4197	G_PST_4197	1	rxn00062
PST_4195	G_PST_4195	1	rxn00062
PST_4196	G_PST_4196	1	rxn00062
PST_3004	G_PST_3004	1	rxn00062
PST_2555	G_PST_2555	1	rxn00062
PST_2587	G_PST_2587	1	rxn00062
PST_3725	G_PST_3725	1	rxn00062
PST_1539	G_PST_1539	1	rxn00119
PST_0764	G_PST_0764	1	rxn12510
PST_0317	G_PST_0317	1	rxn05039
PST_2473	G_PST_2473	1	rxn05039
PST_1301	G_PST_1301	1	rxn03538
PST_2761	G_PST_2761	1	ADD_5oxpro3
PST_0740	G_PST_0740	1	ADD_GABA3
PST_0066	G_PST_0066	1	rxn14077
